Fund Name,P1,P2,P3,P4,P5,Topsis Score,Rank
M1,0.76,0.58,4.5,48.6,13.61,0.42674027816320254,6
M2,0.6,0.36,3.6,58.0,15.64,0.3596298628216557,7
M3,0.95,0.9,3.1,50.1,13.76,0.5359465233532259,4
M4,0.65,0.42,5.2,33.9,10.04,0.28077193066887635,8
M5,0.93,0.86,3.3,57.6,15.67,0.5888674753467754,2
M6,0.87,0.76,6.3,46.7,13.66,0.6400573309920158,1
M7,0.81,0.66,3.5,68.4,18.34,0.5854137621363611,3
M8,0.86,0.74,5.6,36.0,10.8,0.4904541163272278,5
